filename,vial_ind,vial_conf,vial_bbox_x1y1_x2y2,phase_ind,phase_name,phase_score,phase_conf,phase_bbox_x1y1_x2y2,flag
Aracel 165 (RB) emulsions day 1 Squalane only samples 13-18.jpg,1,0.9491379261016846,"(868, 1165, 1116, 1647)",1,Broken cream,2,0.4759021997451782,"(873, 1431, 1109, 1642)",
Aracel 165 (RB) emulsions day 1 Squalane only samples 13-18.jpg,2,0.9526039958000183,"(1232, 1167, 1472, 1654)",1,Broken cream,2,0.8173164129257202,"(1240, 1452, 1471, 1646)",
Aracel 165 (RB) emulsions day 1 Squalane only samples 13-18.jpg,3,0.9689283967018127,"(1565, 1173, 1789, 1656)",1,Broken cream,2,0.9012051820755005,"(1569, 1450, 1787, 1653)",
Aracel 165 (RB) emulsions day 1 Squalane only samples 13-18.jpg,4,0.9672382473945618,"(1853, 1178, 2074, 1656)",3,20% St,4,0.9376609921455383,"(1855, 1445, 2070, 1649)",
Aracel 165 (RB) emulsions day 1 Squalane only samples 13-18.jpg,5,0.9520094990730286,"(2196, 1179, 2425, 1664)",3,20% St,4,0.9158048033714294,"(2195, 1452, 2415, 1658)",
Aracel 165 (RB) emulsions day 1 Squalane only samples 13-18.jpg,6,0.9560692310333252,"(2514, 1182, 2749, 1668)",1,Broken cream,2,0.9167325496673584,"(2516, 1452, 2747, 1667)",
